               epoch,      train/box_loss,      train/obj_loss,      train/cls_loss,   metrics/precision,      metrics/recall,     metrics/mAP_0.5,metrics/mAP_0.5:0.95,        val/box_loss,        val/obj_loss,        val/cls_loss,               x/lr0,               x/lr1,               x/lr2
                   0,             0.12287,            0.074156,            0.061806,           0.0017035,            0.024408,          0.00097348,          0.00023423,             0.11494,             0.07737,            0.060822,              0.0775,              0.0025,              0.0025
                   1,             0.11552,            0.081539,            0.058309,           0.0028711,             0.11409,           0.0029399,          0.00069955,             0.10168,            0.090801,             0.05415,            0.054083,           0.0050832,           0.0050832
                   2,             0.10581,            0.089274,            0.051935,             0.13329,            0.070057,           0.0088061,           0.0018586,            0.091916,            0.096779,            0.047604,            0.030649,           0.0076492,           0.0076492
                   3,            0.097391,            0.088107,            0.046316,             0.63369,             0.10018,            0.011238,           0.0027295,             0.10033,             0.18814,            0.041937,            0.009901,            0.009901,            0.009901
                   4,             0.10183,            0.076556,            0.040842,             0.65631,            0.062704,            0.022121,           0.0052493,             0.10185,             0.12935,            0.038962,            0.009901,            0.009901,            0.009901
                   5,            0.094667,            0.077414,            0.037492,             0.51702,             0.09807,            0.016995,           0.0041133,             0.10291,             0.11265,            0.035794,            0.009868,            0.009868,            0.009868
                   6,            0.096098,            0.068895,            0.036568,              0.5268,             0.12562,            0.031065,           0.0075425,            0.094511,            0.076862,            0.032925,            0.009835,            0.009835,            0.009835
                   7,             0.09592,            0.067155,             0.03411,               0.552,             0.15534,            0.046494,            0.012399,            0.089774,            0.073891,            0.032076,            0.009802,            0.009802,            0.009802
                   8,            0.091442,            0.071881,            0.032096,             0.73292,             0.16621,             0.10418,            0.027092,            0.084799,            0.072685,            0.030934,            0.009769,            0.009769,            0.009769
                   9,            0.087497,            0.070015,             0.03279,             0.73783,             0.19409,             0.12011,            0.033527,            0.083015,            0.069717,            0.030455,            0.009736,            0.009736,            0.009736
                  10,            0.086211,            0.063382,            0.031704,             0.74476,             0.17244,            0.084224,            0.030079,            0.087814,            0.069923,            0.029861,            0.009703,            0.009703,            0.009703
                  11,            0.081411,            0.071737,            0.030806,             0.69906,             0.19719,             0.10389,             0.03543,            0.075918,            0.071806,            0.028923,             0.00967,             0.00967,             0.00967
                  12,            0.080793,            0.070803,            0.030909,             0.76213,             0.14206,             0.13453,            0.038887,            0.074049,            0.073017,            0.028555,            0.009637,            0.009637,            0.009637
                  13,            0.076519,            0.068729,            0.029644,             0.75822,             0.13954,               0.125,            0.036853,            0.080733,             0.07122,            0.027878,            0.009604,            0.009604,            0.009604
                  14,            0.076484,            0.065668,            0.028848,             0.75907,             0.16288,             0.16331,            0.057402,            0.070869,            0.068043,            0.027354,            0.009571,            0.009571,            0.009571
                  15,            0.072516,            0.066748,            0.028538,             0.70142,             0.22081,             0.22296,               0.092,            0.062752,            0.069328,            0.027194,            0.009538,            0.009538,            0.009538
                  16,            0.068639,            0.071448,            0.028439,             0.76502,             0.17587,             0.20972,            0.082216,            0.075151,            0.066132,            0.026443,            0.009505,            0.009505,            0.009505
                  17,            0.072364,            0.068835,            0.027933,             0.79144,             0.21368,             0.24221,             0.08936,            0.057714,            0.068674,            0.026588,            0.009472,            0.009472,            0.009472
                  18,            0.066868,            0.070275,            0.027511,             0.78103,             0.18643,             0.24148,            0.082007,            0.068279,            0.067726,            0.025888,            0.009439,            0.009439,            0.009439
                  19,            0.066269,            0.068609,            0.027192,             0.76474,             0.14019,              0.2223,            0.090616,            0.071844,            0.066885,            0.025565,            0.009406,            0.009406,            0.009406
                  20,            0.068945,            0.068266,             0.02582,             0.67434,             0.24633,             0.35093,             0.13856,            0.054635,            0.068151,            0.025798,            0.009373,            0.009373,            0.009373
                  21,            0.062227,            0.070127,            0.025729,             0.74605,             0.19873,             0.22407,            0.076371,            0.071934,            0.070866,            0.024887,             0.00934,             0.00934,             0.00934
                  22,            0.070545,            0.064764,            0.025484,             0.66051,             0.28603,              0.3038,             0.12525,            0.058722,            0.067085,            0.024986,            0.009307,            0.009307,            0.009307
                  23,            0.064127,            0.064498,            0.024736,              0.6244,             0.40003,             0.36721,             0.14569,            0.056693,            0.065865,            0.025033,            0.009274,            0.009274,            0.009274
                  24,            0.059079,            0.063291,            0.025298,             0.46754,             0.39981,             0.34945,             0.11454,            0.061067,            0.065828,            0.024437,            0.009241,            0.009241,            0.009241
                  25,            0.062629,            0.064992,             0.02598,             0.42114,             0.43398,             0.42971,             0.20541,             0.05234,            0.067266,            0.024232,            0.009208,            0.009208,            0.009208
                  26,            0.060411,            0.066514,              0.0242,              0.5029,             0.37859,              0.2984,             0.10435,            0.059566,            0.066338,             0.02446,            0.009175,            0.009175,            0.009175
                  27,            0.062769,             0.05961,            0.024429,             0.61397,             0.47103,             0.45461,             0.19239,            0.051582,             0.06546,            0.023866,            0.009142,            0.009142,            0.009142
                  28,            0.063531,             0.07091,            0.023626,             0.29416,             0.44554,             0.34109,             0.16846,              0.0638,            0.067202,            0.023244,            0.009109,            0.009109,            0.009109
                  29,            0.060225,            0.064507,            0.023764,             0.73827,             0.32527,             0.34286,             0.13099,              0.0588,            0.064598,            0.023592,            0.009076,            0.009076,            0.009076
                  30,            0.060971,            0.063724,            0.023299,             0.60105,             0.47571,             0.40635,             0.19163,            0.051694,            0.066687,            0.023128,            0.009043,            0.009043,            0.009043
                  31,            0.058915,            0.063049,             0.02242,              0.6468,             0.47673,             0.41506,              0.1887,            0.051508,            0.068535,            0.022877,             0.00901,             0.00901,             0.00901
                  32,            0.054011,            0.066492,            0.022517,             0.44406,             0.46374,             0.36726,             0.17681,             0.05962,             0.06743,            0.021744,            0.008977,            0.008977,            0.008977
                  33,            0.060127,            0.067961,            0.022186,             0.53592,             0.49862,              0.4746,             0.20051,            0.045663,            0.067034,            0.021835,            0.008944,            0.008944,            0.008944
                  34,            0.056659,            0.063707,            0.022175,              0.4525,             0.50274,             0.35457,             0.14925,            0.058509,            0.067101,            0.021078,            0.008911,            0.008911,            0.008911
                  35,            0.056699,            0.060759,            0.021287,             0.45213,             0.49957,             0.37358,             0.18129,            0.054842,            0.067106,            0.020992,            0.008878,            0.008878,            0.008878
                  36,              0.0558,             0.06578,            0.021513,             0.54413,             0.50668,             0.47718,             0.21886,            0.045055,            0.067236,            0.021264,            0.008845,            0.008845,            0.008845
                  37,            0.055692,            0.063743,            0.020313,              0.5023,             0.50426,             0.39533,             0.17383,            0.062158,            0.067484,            0.020728,            0.008812,            0.008812,            0.008812
                  38,            0.056207,            0.063063,            0.019332,             0.55186,             0.55198,             0.49359,             0.22989,            0.051572,            0.067619,            0.020205,            0.008779,            0.008779,            0.008779
                  39,            0.055302,            0.063761,            0.019621,             0.61148,             0.55147,             0.51862,             0.25322,            0.047323,            0.067625,            0.020111,            0.008746,            0.008746,            0.008746
                  40,            0.050169,            0.065589,            0.019709,             0.54029,             0.53853,              0.5039,             0.22592,            0.052039,            0.067942,            0.019349,            0.008713,            0.008713,            0.008713
                  41,            0.052595,            0.064546,            0.020394,             0.66358,             0.47298,             0.50899,             0.25636,            0.044111,            0.067476,            0.019298,             0.00868,             0.00868,             0.00868
                  42,            0.052448,            0.064694,            0.018854,             0.57396,             0.50517,             0.48102,               0.245,            0.050998,            0.067856,             0.01885,            0.008647,            0.008647,            0.008647
                  43,            0.051828,            0.066109,            0.018698,             0.73731,             0.48591,             0.47591,             0.26332,            0.051255,            0.067673,            0.018692,            0.008614,            0.008614,            0.008614
                  44,             0.05302,            0.059996,            0.019049,             0.66772,             0.49302,             0.53363,             0.28459,            0.044834,            0.068277,            0.018959,            0.008581,            0.008581,            0.008581
                  45,            0.048595,            0.061379,            0.019008,             0.60064,             0.48493,             0.44426,             0.18773,            0.054347,            0.068174,            0.018525,            0.008548,            0.008548,            0.008548
                  46,            0.052755,            0.055916,            0.019258,             0.68263,             0.49368,             0.48772,             0.22273,            0.053605,              0.0694,            0.018238,            0.008515,            0.008515,            0.008515
                  47,            0.054104,            0.057654,             0.01888,             0.72613,             0.46854,             0.53239,             0.27486,            0.044105,            0.069213,            0.018396,            0.008482,            0.008482,            0.008482
                  48,            0.045823,            0.059592,            0.016608,             0.61386,              0.4609,             0.44736,             0.19358,            0.050055,             0.06969,            0.017938,            0.008449,            0.008449,            0.008449
                  49,            0.052976,            0.061365,            0.017926,             0.65815,             0.47246,             0.48761,             0.22575,            0.047358,            0.069999,            0.017988,            0.008416,            0.008416,            0.008416
                  50,            0.050802,             0.05824,            0.019173,             0.73009,             0.45673,             0.45295,             0.20177,            0.047368,             0.06903,             0.01763,            0.008383,            0.008383,            0.008383
                  51,            0.047997,            0.063808,            0.018083,             0.64052,              0.4918,             0.48791,             0.25107,            0.050334,            0.068937,            0.017485,             0.00835,             0.00835,             0.00835
                  52,            0.053873,            0.063424,            0.017478,             0.68954,             0.49282,             0.53024,             0.22133,            0.044282,            0.068541,            0.017451,            0.008317,            0.008317,            0.008317
                  53,            0.046632,            0.052922,            0.017462,             0.73926,             0.47615,             0.46405,             0.23647,            0.051505,             0.07002,            0.016696,            0.008284,            0.008284,            0.008284
                  54,             0.05024,            0.056887,            0.016406,             0.79351,             0.48033,             0.50715,             0.23302,            0.049665,            0.070222,            0.016563,            0.008251,            0.008251,            0.008251
                  55,            0.049896,            0.056469,            0.016667,             0.82922,             0.48767,             0.52882,             0.24823,            0.045932,            0.069412,            0.016628,            0.008218,            0.008218,            0.008218
                  56,            0.046072,            0.059294,            0.016431,             0.74088,             0.46414,             0.47616,             0.20575,            0.049932,            0.068716,            0.016244,            0.008185,            0.008185,            0.008185
                  57,            0.051149,            0.062827,            0.016234,             0.75995,             0.51901,             0.52417,             0.24564,            0.044911,            0.069346,            0.016331,            0.008152,            0.008152,            0.008152
                  58,            0.050117,            0.060361,            0.017831,             0.76462,             0.48485,             0.48228,             0.21155,            0.052012,            0.070383,            0.016105,            0.008119,            0.008119,            0.008119
                  59,            0.048642,            0.057211,            0.015992,             0.72796,             0.50705,             0.51058,             0.22786,            0.046758,            0.069384,            0.015973,            0.008086,            0.008086,            0.008086
                  60,            0.049777,            0.059167,            0.014716,             0.79817,             0.49837,             0.55244,             0.22971,            0.045549,            0.068357,            0.016216,            0.008053,            0.008053,            0.008053
                  61,            0.048307,            0.058926,            0.015258,             0.63048,             0.49612,             0.48045,             0.21077,            0.049794,            0.070337,            0.016003,             0.00802,             0.00802,             0.00802
                  62,            0.048417,            0.060467,            0.015095,             0.79435,             0.51753,             0.54835,             0.26664,            0.046364,            0.069609,            0.015964,            0.007987,            0.007987,            0.007987
                  63,            0.047107,            0.055546,            0.014316,             0.80635,             0.48214,             0.52918,             0.24425,            0.045944,            0.069544,            0.015939,            0.007954,            0.007954,            0.007954
                  64,            0.043802,             0.05258,            0.015037,             0.67304,             0.54789,             0.47199,             0.21321,            0.051454,            0.071111,             0.01546,            0.007921,            0.007921,            0.007921
                  65,            0.048475,            0.056003,            0.014934,             0.82682,             0.48745,             0.53787,             0.27189,            0.045633,            0.072317,            0.015563,            0.007888,            0.007888,            0.007888
                  66,             0.04589,            0.059149,            0.016005,             0.80119,             0.49813,              0.5125,              0.2691,            0.045015,            0.070864,            0.015669,            0.007855,            0.007855,            0.007855
                  67,            0.046336,            0.059051,            0.015788,             0.81033,             0.49616,             0.53215,             0.25099,            0.046769,            0.071827,            0.015839,            0.007822,            0.007822,            0.007822
                  68,             0.04734,            0.054796,            0.014583,              0.8437,             0.48586,             0.53828,             0.25569,            0.044272,             0.07288,            0.015799,            0.007789,            0.007789,            0.007789
                  69,            0.044369,             0.05674,            0.015389,             0.71928,             0.53491,             0.53662,             0.24612,             0.04803,            0.072861,            0.015908,            0.007756,            0.007756,            0.007756
                  70,             0.04606,            0.061029,            0.014717,             0.81959,             0.47821,             0.50367,             0.22593,            0.047873,            0.073521,            0.015695,            0.007723,            0.007723,            0.007723
                  71,            0.049507,            0.059641,            0.012932,             0.84398,               0.483,             0.53495,             0.27679,             0.04504,             0.07268,            0.015266,             0.00769,             0.00769,             0.00769
                  72,            0.044253,            0.057753,             0.01483,              0.7827,             0.47087,             0.46391,             0.22653,            0.053162,             0.07268,            0.015257,            0.007657,            0.007657,            0.007657
                  73,            0.048232,            0.055728,             0.01381,             0.81069,             0.52373,             0.57857,             0.28681,            0.042012,            0.073942,            0.015601,            0.007624,            0.007624,            0.007624
                  74,            0.044697,             0.06048,            0.014487,             0.85962,             0.46248,              0.4897,             0.22564,             0.04908,            0.075741,             0.01521,            0.007591,            0.007591,            0.007591
                  75,            0.045785,            0.054049,            0.012911,             0.72245,             0.51406,             0.55405,             0.27483,            0.048773,            0.076946,            0.015273,            0.007558,            0.007558,            0.007558
                  76,            0.047208,            0.057728,            0.013203,              0.7378,             0.52252,             0.57621,             0.26815,            0.042896,            0.075319,            0.015458,            0.007525,            0.007525,            0.007525
                  77,            0.045074,            0.054443,            0.012721,             0.61405,             0.51484,             0.47349,             0.19214,            0.057981,            0.076674,            0.015067,            0.007492,            0.007492,            0.007492
                  78,            0.048124,            0.053751,             0.01207,             0.62331,             0.52876,             0.50419,             0.25386,            0.047425,            0.078266,            0.015201,            0.007459,            0.007459,            0.007459
                  79,            0.045725,            0.052902,            0.013121,             0.69929,             0.52461,             0.53461,             0.28189,            0.042996,            0.076956,            0.015255,            0.007426,            0.007426,            0.007426
                  80,            0.039891,            0.050502,            0.012754,             0.66226,             0.52996,             0.54566,             0.25656,            0.046716,             0.07728,            0.015144,            0.007393,            0.007393,            0.007393
                  81,            0.045247,            0.055648,            0.013767,             0.69583,             0.52849,             0.53851,             0.27063,            0.044835,            0.076477,            0.015079,             0.00736,             0.00736,             0.00736
                  82,            0.046643,            0.057546,            0.013009,             0.74195,              0.5149,             0.56703,             0.25594,            0.044707,            0.076584,            0.015311,            0.007327,            0.007327,            0.007327
                  83,            0.041664,            0.056536,            0.012452,             0.65088,             0.54267,              0.5285,             0.23137,            0.050353,            0.076931,            0.014973,            0.007294,            0.007294,            0.007294
                  84,            0.045501,            0.055605,            0.011995,             0.75899,             0.52894,             0.58199,             0.26961,               0.042,            0.076553,            0.015109,            0.007261,            0.007261,            0.007261
                  85,            0.041293,            0.055895,            0.012645,             0.83371,             0.46095,              0.4975,             0.23309,            0.051112,            0.076838,            0.014752,            0.007228,            0.007228,            0.007228
                  86,            0.044803,            0.051899,            0.012521,             0.67803,             0.54403,             0.54015,             0.26532,            0.047634,            0.076452,            0.014689,            0.007195,            0.007195,            0.007195
                  87,            0.046275,            0.052806,            0.011693,             0.71527,             0.53201,             0.53972,             0.26682,            0.043391,            0.076153,             0.01497,            0.007162,            0.007162,            0.007162
                  88,            0.040656,             0.05752,            0.012052,             0.73021,             0.55195,             0.56003,              0.2646,            0.045678,            0.076719,              0.0146,            0.007129,            0.007129,            0.007129
                  89,            0.044188,            0.055369,            0.011637,             0.70942,             0.56493,             0.56027,             0.25903,            0.043877,            0.075588,            0.014508,            0.007096,            0.007096,            0.007096
                  90,            0.043524,            0.054986,            0.011912,             0.69114,             0.54536,             0.56695,             0.25922,            0.045835,            0.075605,            0.014422,            0.007063,            0.007063,            0.007063
                  91,            0.042319,            0.052596,            0.010916,             0.84041,             0.43859,             0.51762,             0.27522,            0.044138,            0.075208,             0.01475,             0.00703,             0.00703,             0.00703
                  92,            0.042451,            0.056545,             0.01235,              0.7019,             0.55539,             0.57655,             0.28883,            0.041112,            0.075441,            0.014691,            0.006997,            0.006997,            0.006997
                  93,            0.039441,            0.052405,            0.011793,             0.79616,             0.43088,             0.50428,             0.26329,            0.045042,            0.075538,            0.014643,            0.006964,            0.006964,            0.006964
                  94,            0.041029,            0.052616,            0.011194,             0.65669,             0.54019,             0.57087,             0.26652,            0.044075,            0.075859,            0.014824,            0.006931,            0.006931,            0.006931
                  95,            0.042461,            0.056859,            0.010912,             0.74157,             0.55063,             0.60026,             0.28969,            0.041488,            0.075443,            0.014657,            0.006898,            0.006898,            0.006898
                  96,             0.03817,            0.052502,            0.010871,              0.6572,             0.55624,             0.56545,             0.27421,            0.045179,            0.075977,            0.014693,            0.006865,            0.006865,            0.006865
                  97,            0.042588,            0.053157,            0.011022,             0.67888,             0.54791,             0.60604,             0.31454,            0.041927,            0.075565,            0.014787,            0.006832,            0.006832,            0.006832
                  98,            0.043625,            0.058417,            0.011028,             0.83516,             0.47632,              0.5486,             0.28045,            0.045414,            0.076351,            0.014612,            0.006799,            0.006799,            0.006799
                  99,            0.041633,            0.052301,           0.0098966,             0.89619,             0.44426,             0.56617,             0.27466,            0.047432,            0.076643,            0.014882,            0.006766,            0.006766,            0.006766
                 100,            0.042399,            0.056048,            0.011071,             0.71281,               0.561,             0.59148,             0.30645,             0.04062,            0.076004,            0.015016,            0.006733,            0.006733,            0.006733
                 101,            0.039912,             0.05441,            0.012292,             0.65067,             0.55549,             0.59206,             0.27713,            0.047771,            0.078762,            0.014742,              0.0067,              0.0067,              0.0067
                 102,             0.04152,              0.0519,            0.011493,             0.88948,             0.46146,             0.56977,             0.29174,            0.043284,            0.078001,            0.014989,            0.006667,            0.006667,            0.006667
                 103,            0.041005,            0.052956,            0.010865,             0.71574,             0.56795,             0.60995,             0.31104,             0.04091,            0.077097,            0.014874,            0.006634,            0.006634,            0.006634
                 104,            0.038094,            0.051716,            0.010032,             0.87371,             0.43603,             0.54067,              0.2834,            0.047752,            0.079704,            0.014944,            0.006601,            0.006601,            0.006601
                 105,            0.041659,            0.052577,            0.011076,             0.74265,             0.57849,             0.62512,             0.31115,            0.041179,            0.080822,            0.014963,            0.006568,            0.006568,            0.006568
                 106,            0.040168,            0.054022,            0.010574,             0.68447,              0.5941,             0.59543,              0.2918,            0.047348,            0.081966,            0.014716,            0.006535,            0.006535,            0.006535
                 107,            0.040549,            0.051812,            0.010783,             0.66202,             0.58161,             0.57697,               0.268,            0.047525,            0.080475,            0.014513,            0.006502,            0.006502,            0.006502
                 108,            0.041101,            0.052229,            0.010998,             0.48071,              0.5538,                0.58,             0.30764,             0.04125,            0.079866,            0.014596,            0.006469,            0.006469,            0.006469
                 109,             0.03845,            0.050183,            0.011183,             0.71486,             0.53075,             0.57129,             0.25294,            0.048547,            0.079859,            0.014267,            0.006436,            0.006436,            0.006436
                 110,            0.040811,            0.053214,           0.0099738,             0.68909,             0.58508,             0.59031,             0.30602,            0.047138,            0.080805,            0.013874,            0.006403,            0.006403,            0.006403
                 111,            0.041088,             0.04802,           0.0094448,              0.7022,             0.58347,             0.59555,             0.30985,            0.041951,            0.080185,            0.014034,             0.00637,             0.00637,             0.00637
                 112,            0.037091,            0.050061,             0.01001,              0.6947,             0.59131,             0.61973,             0.30549,            0.044062,            0.080143,            0.013733,            0.006337,            0.006337,            0.006337
                 113,            0.040026,             0.05243,            0.010735,             0.69754,             0.60245,             0.63167,             0.32961,             0.04111,            0.078691,            0.013869,            0.006304,            0.006304,            0.006304
                 114,            0.039119,            0.052805,           0.0098893,             0.83326,              0.5357,             0.62153,             0.27788,            0.043811,            0.080114,            0.013551,            0.006271,            0.006271,            0.006271
                 115,            0.036402,             0.05276,           0.0095557,             0.65349,             0.60642,             0.61157,             0.31055,            0.044417,            0.078821,            0.013704,            0.006238,            0.006238,            0.006238
                 116,            0.039907,            0.052817,           0.0096029,             0.70482,             0.59063,             0.61362,             0.32394,            0.041507,             0.07922,            0.013832,            0.006205,            0.006205,            0.006205
                 117,            0.038254,            0.050777,           0.0098681,             0.60756,             0.60142,             0.57845,             0.27276,            0.047632,            0.080105,            0.013572,            0.006172,            0.006172,            0.006172
                 118,             0.03807,            0.051638,           0.0087418,             0.64949,             0.54474,             0.57015,             0.27843,            0.045309,            0.079079,            0.014005,            0.006139,            0.006139,            0.006139
                 119,            0.040835,            0.052705,            0.010013,             0.59948,             0.55327,             0.56914,             0.28356,            0.043301,            0.079704,            0.013771,            0.006106,            0.006106,            0.006106
                 120,             0.03761,            0.051965,            0.010004,             0.68963,             0.58766,             0.61779,             0.26687,             0.04483,            0.081966,            0.013661,            0.006073,            0.006073,            0.006073
                 121,            0.039882,            0.051573,           0.0079301,             0.67594,             0.59189,             0.63398,             0.29911,            0.042825,            0.081259,            0.013468,             0.00604,             0.00604,             0.00604
                 122,            0.039374,            0.048886,           0.0087923,             0.69074,             0.56923,             0.62695,             0.29456,            0.043451,            0.081627,            0.013842,            0.006007,            0.006007,            0.006007
                 123,            0.039298,            0.049946,            0.009404,             0.71378,             0.56218,              0.6292,              0.3019,            0.042433,            0.083195,            0.013932,            0.005974,            0.005974,            0.005974
                 124,            0.040092,            0.053588,           0.0090998,             0.63443,             0.53731,             0.59897,             0.29925,             0.04516,            0.083391,            0.013696,            0.005941,            0.005941,            0.005941
                 125,            0.038766,            0.050081,            0.010035,             0.68828,             0.57162,             0.62513,             0.28223,            0.046744,            0.081175,            0.013743,            0.005908,            0.005908,            0.005908
                 126,            0.040194,            0.052673,           0.0089559,             0.63172,             0.53116,             0.58823,             0.28853,            0.044725,            0.080179,            0.013525,            0.005875,            0.005875,            0.005875
                 127,             0.03983,            0.053576,           0.0099039,             0.62005,             0.59131,             0.62249,             0.33787,            0.042201,            0.079494,            0.013354,            0.005842,            0.005842,            0.005842
                 128,            0.035652,            0.052213,           0.0094019,             0.56556,             0.59777,              0.5797,             0.27317,            0.045318,            0.080898,            0.013046,            0.005809,            0.005809,            0.005809
                 129,            0.039347,            0.050348,           0.0094214,             0.61238,             0.58881,             0.58304,             0.29003,            0.042877,            0.081087,            0.013141,            0.005776,            0.005776,            0.005776
                 130,            0.040554,            0.052343,           0.0087768,             0.63448,             0.59287,             0.59915,              0.2786,            0.045246,            0.082031,            0.013024,            0.005743,            0.005743,            0.005743
                 131,            0.038136,            0.051059,           0.0086315,             0.64212,             0.57212,             0.56865,             0.27626,            0.047086,            0.081911,            0.013304,             0.00571,             0.00571,             0.00571
                 132,            0.039224,            0.049319,            0.008442,             0.67874,             0.55167,             0.59056,             0.29399,            0.041813,            0.081261,            0.013525,            0.005677,            0.005677,            0.005677
                 133,            0.036032,            0.049646,           0.0088048,             0.61834,             0.56629,             0.58081,             0.28577,            0.046275,            0.082056,            0.013529,            0.005644,            0.005644,            0.005644
                 134,            0.037468,            0.049317,            0.007772,              0.6389,             0.59764,             0.59641,             0.29848,            0.045132,            0.082176,            0.013295,            0.005611,            0.005611,            0.005611
                 135,            0.038711,            0.048801,           0.0091021,             0.63606,             0.61495,             0.60833,             0.30511,            0.042545,            0.080353,            0.013411,            0.005578,            0.005578,            0.005578
                 136,            0.034792,            0.049836,           0.0081878,             0.65709,             0.59081,             0.60579,             0.30184,            0.044474,            0.080919,            0.013003,            0.005545,            0.005545,            0.005545
                 137,            0.037033,            0.047499,           0.0088694,             0.71627,             0.63546,             0.68872,             0.35277,            0.042297,            0.079535,             0.01305,            0.005512,            0.005512,            0.005512
                 138,            0.037156,            0.051658,           0.0085949,             0.70921,             0.59354,             0.65652,             0.32679,            0.043159,            0.079628,            0.012937,            0.005479,            0.005479,            0.005479
                 139,            0.034504,             0.04712,           0.0084558,              0.6592,             0.65307,             0.61303,             0.31514,            0.043935,            0.081173,            0.013173,            0.005446,            0.005446,            0.005446
                 140,            0.037181,            0.049021,           0.0081803,             0.71411,             0.66728,             0.66493,             0.33512,            0.041844,            0.080967,            0.013094,            0.005413,            0.005413,            0.005413
                 141,             0.03434,             0.04851,           0.0076158,             0.61222,             0.63547,             0.58035,             0.30237,            0.046914,             0.08231,            0.012854,             0.00538,             0.00538,             0.00538
                 142,            0.036396,            0.047372,           0.0081498,             0.63328,             0.59504,             0.59257,             0.32025,            0.045371,            0.084545,             0.01315,            0.005347,            0.005347,            0.005347
                 143,            0.037281,            0.047321,           0.0082347,             0.66652,             0.54184,             0.58616,             0.34582,            0.041712,            0.084236,            0.013288,            0.005314,            0.005314,            0.005314
                 144,            0.033458,            0.048777,           0.0075443,             0.67204,             0.51898,             0.59799,             0.28915,            0.045415,            0.085526,            0.012992,            0.005281,            0.005281,            0.005281
                 145,            0.035958,            0.049128,           0.0079613,             0.66167,             0.57794,             0.59515,              0.3238,            0.043306,            0.084299,             0.01305,            0.005248,            0.005248,            0.005248
                 146,            0.036242,            0.047088,           0.0074069,             0.68089,                0.56,             0.59862,             0.30535,             0.04391,            0.083403,            0.012978,            0.005215,            0.005215,            0.005215
                 147,            0.035666,            0.048157,           0.0076758,             0.53509,             0.55466,             0.59858,             0.30947,            0.043536,            0.083405,            0.012704,            0.005182,            0.005182,            0.005182
                 148,            0.037602,            0.052108,           0.0084009,             0.52266,             0.57531,             0.60918,             0.33697,            0.044077,            0.082346,            0.012492,            0.005149,            0.005149,            0.005149
                 149,            0.036591,             0.04954,           0.0073479,             0.50622,              0.5753,              0.5975,             0.29848,            0.042963,             0.08252,            0.012786,            0.005116,            0.005116,            0.005116
                 150,            0.034706,            0.047421,           0.0081261,             0.54814,             0.62415,             0.61909,             0.28998,            0.042649,            0.080963,            0.012755,            0.005083,            0.005083,            0.005083
                 151,             0.03825,            0.049786,           0.0074003,             0.48188,             0.59813,             0.59933,             0.32256,            0.042246,            0.081083,            0.012575,             0.00505,             0.00505,             0.00505
                 152,             0.03269,            0.049222,           0.0077522,             0.53198,             0.58011,             0.58169,             0.29151,            0.042438,            0.081451,             0.01239,            0.005017,            0.005017,            0.005017
                 153,            0.035522,            0.047089,           0.0071504,             0.55185,             0.60894,             0.61432,             0.29292,            0.041411,            0.081587,            0.012443,            0.004984,            0.004984,            0.004984
                 154,            0.037839,            0.050785,           0.0069627,             0.71867,             0.57262,              0.6176,             0.30675,            0.044133,            0.082937,            0.012414,            0.004951,            0.004951,            0.004951
                 155,            0.033969,            0.047529,           0.0075647,             0.54593,             0.62282,              0.6092,             0.30395,             0.04551,            0.083099,            0.012454,            0.004918,            0.004918,            0.004918
                 156,            0.037399,            0.049824,           0.0079413,             0.57405,             0.61537,             0.61675,             0.31151,            0.040187,            0.082024,            0.012636,            0.004885,            0.004885,            0.004885
                 157,            0.034657,            0.048735,           0.0073332,             0.73605,             0.55743,             0.59846,             0.26888,            0.045908,            0.082569,            0.012949,            0.004852,            0.004852,            0.004852
                 158,            0.035795,            0.048532,           0.0073192,             0.55314,             0.60203,             0.59417,             0.30297,            0.042919,            0.080685,             0.01309,            0.004819,            0.004819,            0.004819
                 159,            0.036277,            0.050713,           0.0070548,             0.58665,               0.613,               0.615,             0.30192,            0.040612,            0.079479,            0.013256,            0.004786,            0.004786,            0.004786
                 160,            0.033614,            0.049239,           0.0080791,             0.54613,             0.66207,             0.62039,             0.30886,            0.041637,            0.079157,              0.0127,            0.004753,            0.004753,            0.004753
                 161,            0.034067,            0.051704,           0.0074805,             0.68248,             0.52032,             0.57316,             0.29029,            0.040831,            0.079168,            0.012604,             0.00472,             0.00472,             0.00472
                 162,            0.033627,            0.046359,           0.0068108,             0.58451,             0.61054,             0.62839,             0.31031,            0.041632,            0.079489,            0.012465,            0.004687,            0.004687,            0.004687
                 163,            0.032436,            0.047235,           0.0075264,             0.50056,             0.58192,             0.56698,             0.30873,            0.041948,            0.079752,            0.012444,            0.004654,            0.004654,            0.004654
                 164,            0.035708,              0.0499,           0.0085359,             0.68176,             0.57716,             0.58705,             0.32816,            0.041479,            0.079962,            0.012307,            0.004621,            0.004621,            0.004621
                 165,            0.034077,            0.052222,           0.0071092,             0.55312,              0.6126,             0.60515,             0.32086,            0.042685,            0.080776,             0.01232,            0.004588,            0.004588,            0.004588
                 166,             0.03412,            0.048328,           0.0066572,             0.68895,             0.56842,             0.58864,             0.29091,            0.043032,            0.080692,            0.012544,            0.004555,            0.004555,            0.004555
                 167,            0.034351,            0.045258,           0.0071785,             0.76995,             0.60842,             0.63158,             0.31612,             0.04102,            0.080036,            0.012855,            0.004522,            0.004522,            0.004522
                 168,            0.031479,            0.045551,           0.0067792,             0.72571,              0.5978,             0.60553,             0.31719,            0.042893,            0.082695,            0.012929,            0.004489,            0.004489,            0.004489
                 169,            0.034463,            0.046976,           0.0070945,             0.73312,             0.63565,             0.61959,             0.31816,            0.041252,            0.082048,            0.013071,            0.004456,            0.004456,            0.004456
                 170,            0.033693,             0.04704,           0.0075275,             0.72101,             0.61852,             0.61469,              0.3268,             0.04102,            0.080971,            0.013181,            0.004423,            0.004423,            0.004423
                 171,             0.03343,            0.046862,           0.0071545,             0.56225,             0.65998,             0.61068,             0.31641,            0.041437,            0.080107,            0.012875,             0.00439,             0.00439,             0.00439
                 172,            0.033852,            0.046787,           0.0067388,             0.50579,             0.60525,             0.57475,             0.31566,            0.042396,            0.080303,            0.012634,            0.004357,            0.004357,            0.004357
                 173,             0.03264,            0.046255,           0.0068877,             0.70744,             0.62185,             0.59416,             0.29439,            0.042854,            0.080431,            0.012562,            0.004324,            0.004324,            0.004324
                 174,            0.033082,            0.048459,           0.0066748,             0.71594,             0.60672,             0.59432,             0.31181,            0.041062,            0.080467,            0.012691,            0.004291,            0.004291,            0.004291
                 175,             0.03525,             0.05045,           0.0071382,               0.727,             0.59844,               0.614,             0.31388,            0.042266,             0.08147,            0.012579,            0.004258,            0.004258,            0.004258
                 176,            0.030924,            0.045135,           0.0068497,             0.76055,             0.59588,             0.60961,             0.30978,            0.041207,            0.082411,            0.012605,            0.004225,            0.004225,            0.004225
                 177,            0.032825,            0.044578,           0.0070138,             0.75351,             0.59545,             0.61886,             0.31309,             0.04119,            0.082026,            0.012485,            0.004192,            0.004192,            0.004192
                 178,            0.032613,            0.047544,           0.0064541,              0.6455,             0.56654,             0.57557,             0.30444,            0.041407,            0.082315,            0.012551,            0.004159,            0.004159,            0.004159
                 179,            0.030695,            0.044891,           0.0062094,             0.49962,             0.59876,             0.56526,             0.29186,            0.042335,            0.081408,            0.012554,            0.004126,            0.004126,            0.004126
                 180,            0.032835,            0.045838,           0.0068085,             0.50143,             0.59026,             0.56749,             0.31383,            0.040541,            0.080954,            0.012576,            0.004093,            0.004093,            0.004093
                 181,            0.031623,            0.044518,           0.0067664,             0.47541,             0.58647,             0.56599,             0.29074,            0.042347,            0.081455,              0.0127,             0.00406,             0.00406,             0.00406
                 182,             0.03253,            0.046054,           0.0062504,             0.53445,             0.63463,             0.59548,             0.30959,             0.04286,            0.081789,            0.012763,            0.004027,            0.004027,            0.004027
                 183,            0.032964,            0.046125,           0.0067862,             0.54071,             0.63502,             0.60225,             0.31759,            0.039898,            0.081627,            0.012889,            0.003994,            0.003994,            0.003994
                 184,            0.030805,            0.044019,           0.0062391,             0.54891,             0.63758,             0.60774,             0.32603,            0.040774,            0.082361,            0.013105,            0.003961,            0.003961,            0.003961
                 185,            0.031992,            0.047082,           0.0062492,             0.47439,             0.63756,             0.56686,             0.31999,            0.041986,            0.081886,            0.012893,            0.003928,            0.003928,            0.003928
                 186,             0.03247,            0.046453,           0.0064936,             0.58983,             0.63031,             0.62321,             0.31733,            0.040859,            0.081957,            0.012758,            0.003895,            0.003895,            0.003895
                 187,            0.031742,            0.043828,           0.0066737,             0.57701,             0.61425,             0.62533,             0.30508,            0.042536,            0.083334,            0.012838,            0.003862,            0.003862,            0.003862
                 188,            0.032944,            0.047969,           0.0063636,             0.70155,             0.61581,              0.6202,             0.33279,            0.042589,            0.082615,            0.012718,            0.003829,            0.003829,            0.003829
                 189,            0.031352,            0.044664,           0.0061928,             0.58055,             0.62333,             0.62565,             0.30496,            0.042276,            0.083204,            0.012726,            0.003796,            0.003796,            0.003796
                 190,            0.031533,            0.045268,           0.0060766,             0.59259,             0.65636,             0.64143,             0.31486,            0.042604,            0.082741,            0.012551,            0.003763,            0.003763,            0.003763
                 191,            0.032118,            0.047629,           0.0061111,             0.51485,             0.62067,             0.59631,             0.33285,             0.04161,            0.083172,            0.012432,             0.00373,             0.00373,             0.00373
                 192,             0.02977,            0.046364,           0.0067994,             0.74767,             0.64125,             0.62775,             0.32682,            0.040818,            0.084404,            0.012139,            0.003697,            0.003697,            0.003697
                 193,            0.032284,            0.049507,           0.0061211,             0.52718,             0.61194,             0.60097,             0.32572,            0.042269,            0.085457,            0.011938,            0.003664,            0.003664,            0.003664
                 194,            0.032547,            0.049138,           0.0057451,             0.51648,             0.60959,              0.5949,             0.30602,            0.041006,            0.086433,            0.012067,            0.003631,            0.003631,            0.003631
                 195,            0.029443,            0.040304,           0.0059673,             0.73907,             0.64636,             0.61226,             0.33697,            0.041541,            0.086159,            0.012284,            0.003598,            0.003598,            0.003598
                 196,            0.031527,            0.042584,             0.00627,             0.53281,             0.60786,             0.56889,             0.31977,            0.041272,            0.086082,            0.012463,            0.003565,            0.003565,            0.003565
                 197,            0.030811,            0.043284,           0.0060451,             0.64732,             0.59989,             0.57781,              0.3207,            0.042816,             0.08741,              0.0126,            0.003532,            0.003532,            0.003532
                 198,            0.031348,            0.042909,            0.006722,             0.50921,             0.60948,             0.55543,             0.31044,              0.0418,            0.086369,            0.012691,            0.003499,            0.003499,            0.003499
                 199,              0.0311,            0.046267,           0.0056634,              0.5216,             0.60236,             0.56488,             0.31488,            0.041546,            0.086254,            0.012705,            0.003466,            0.003466,            0.003466
                 200,             0.02965,            0.047865,           0.0059154,             0.59709,             0.65856,             0.60488,             0.31958,            0.041337,            0.084856,            0.012659,            0.003433,            0.003433,            0.003433
                 201,            0.030359,            0.041043,            0.005726,             0.66075,             0.56229,             0.56255,             0.32855,            0.041057,            0.084557,            0.012699,              0.0034,              0.0034,              0.0034
                 202,            0.030409,            0.047533,           0.0055125,             0.64782,             0.55703,             0.55108,             0.31287,            0.041603,            0.084976,            0.012816,            0.003367,            0.003367,            0.003367
                 203,            0.030155,            0.044599,           0.0065807,             0.65464,             0.55536,             0.55582,             0.29701,             0.04179,             0.08473,            0.012876,            0.003334,            0.003334,            0.003334
                 204,            0.030653,            0.042857,           0.0057327,             0.64741,             0.55671,             0.57393,             0.31344,            0.041809,            0.084831,            0.012772,            0.003301,            0.003301,            0.003301
                 205,            0.029722,            0.044947,           0.0050662,             0.65596,              0.5634,             0.55632,              0.2989,            0.042195,            0.086012,            0.012957,            0.003268,            0.003268,            0.003268
                 206,            0.030208,            0.046637,           0.0062222,             0.64695,             0.55945,             0.56989,             0.30722,            0.042388,            0.085169,            0.012769,            0.003235,            0.003235,            0.003235
                 207,            0.029928,            0.044098,             0.00565,             0.63975,             0.56075,             0.56262,             0.31631,            0.041413,            0.085361,            0.012761,            0.003202,            0.003202,            0.003202
                 208,            0.028819,            0.045013,           0.0063849,             0.50481,             0.56114,             0.56423,             0.30324,            0.041394,            0.085703,            0.012738,            0.003169,            0.003169,            0.003169
                 209,            0.029286,            0.043174,           0.0060968,             0.52199,             0.57302,             0.56127,             0.29422,            0.041318,            0.086069,             0.01281,            0.003136,            0.003136,            0.003136
                 210,            0.030933,            0.045234,           0.0058182,             0.51125,              0.5643,             0.55531,             0.31115,            0.041202,            0.086136,            0.012908,            0.003103,            0.003103,            0.003103
                 211,            0.028478,            0.044249,           0.0049918,             0.52553,             0.56523,             0.55633,             0.32067,            0.041443,            0.087053,            0.012953,             0.00307,             0.00307,             0.00307
                 212,            0.028805,            0.044884,           0.0051639,             0.52006,             0.56236,             0.55704,             0.31651,            0.041903,            0.086866,            0.012755,            0.003037,            0.003037,            0.003037
                 213,            0.030363,             0.04472,           0.0060159,             0.59807,              0.6002,              0.6036,             0.32057,            0.041452,            0.087563,            0.012677,            0.003004,            0.003004,            0.003004
                 214,            0.028977,            0.043706,           0.0059146,             0.49739,             0.55982,             0.55088,             0.31949,            0.041622,            0.086552,            0.012684,            0.002971,            0.002971,            0.002971
                 215,            0.030293,            0.049147,           0.0055536,             0.50911,             0.56098,             0.55839,             0.31191,            0.042343,            0.086763,            0.012487,            0.002938,            0.002938,            0.002938
                 216,            0.027789,            0.044641,           0.0053559,             0.52311,             0.57047,             0.56741,               0.311,            0.041804,            0.086916,             0.01253,            0.002905,            0.002905,            0.002905
                 217,            0.028713,            0.041702,           0.0058535,             0.50023,              0.5583,             0.55397,             0.30423,            0.042166,             0.08691,             0.01256,            0.002872,            0.002872,            0.002872
                 218,            0.029945,            0.044891,           0.0053181,             0.49795,             0.58633,             0.56257,             0.30442,            0.041458,            0.086979,            0.012691,            0.002839,            0.002839,            0.002839
                 219,            0.028226,            0.040786,           0.0060563,             0.58722,             0.62352,              0.6064,             0.31197,            0.041119,            0.086763,            0.013046,            0.002806,            0.002806,            0.002806
                 220,            0.030147,             0.04447,           0.0055959,             0.57709,             0.60808,             0.59843,             0.32363,            0.041963,            0.086634,            0.012907,            0.002773,            0.002773,            0.002773
                 221,            0.028719,            0.040898,           0.0055372,             0.58241,             0.62251,             0.60887,             0.30102,            0.041677,             0.08791,            0.013129,             0.00274,             0.00274,             0.00274
                 222,             0.02878,            0.041297,           0.0052536,              0.4984,             0.56086,             0.55896,             0.30041,            0.041201,            0.086815,            0.013179,            0.002707,            0.002707,            0.002707
                 223,              0.0289,            0.042971,           0.0054266,             0.49904,             0.56098,             0.55264,             0.32093,             0.04256,            0.087229,            0.013047,            0.002674,            0.002674,            0.002674
                 224,            0.027359,            0.042172,           0.0056413,              0.5943,             0.59422,             0.59851,             0.32145,            0.041106,            0.087296,            0.013069,            0.002641,            0.002641,            0.002641
                 225,            0.028989,            0.045158,           0.0057676,             0.50183,             0.56025,             0.55158,             0.32433,            0.042173,            0.087423,            0.012931,            0.002608,            0.002608,            0.002608
                 226,            0.029113,            0.043524,           0.0055388,             0.50075,             0.56472,             0.56677,             0.32117,              0.0409,            0.087593,            0.013167,            0.002575,            0.002575,            0.002575
                 227,            0.027069,            0.043822,           0.0051095,             0.63697,             0.56196,             0.56883,             0.32142,            0.040938,            0.086756,            0.013392,            0.002542,            0.002542,            0.002542
                 228,            0.029534,            0.044419,           0.0061584,             0.63491,             0.55822,             0.55966,             0.32125,            0.041775,            0.086481,            0.013284,            0.002509,            0.002509,            0.002509
                 229,            0.028767,            0.041781,           0.0053084,             0.50131,             0.73011,             0.60719,             0.31113,             0.04072,            0.085794,            0.013263,            0.002476,            0.002476,            0.002476
                 230,            0.028788,            0.045448,            0.005285,             0.74685,             0.59932,             0.61328,             0.30468,            0.040564,               0.086,            0.012922,            0.002443,            0.002443,            0.002443
                 231,             0.02885,            0.044601,             0.00494,             0.51805,             0.56207,             0.55825,             0.30639,            0.041209,             0.08589,            0.012886,             0.00241,             0.00241,             0.00241
                 232,            0.027578,            0.042387,           0.0057091,             0.65068,             0.51919,             0.54816,             0.29203,            0.040469,            0.086109,            0.012988,            0.002377,            0.002377,            0.002377
                 233,            0.028419,            0.042235,           0.0047299,             0.63593,              0.5096,             0.54557,             0.29965,            0.041896,             0.08597,            0.012756,            0.002344,            0.002344,            0.002344
                 234,            0.029759,             0.04378,           0.0053611,             0.46884,             0.59511,             0.54804,             0.29279,            0.040405,            0.086061,             0.01286,            0.002311,            0.002311,            0.002311
                 235,            0.027295,            0.039179,           0.0050749,             0.47068,             0.57965,             0.55523,              0.3006,            0.041236,            0.085613,            0.012915,            0.002278,            0.002278,            0.002278
                 236,            0.028076,            0.041282,           0.0053638,             0.47439,             0.57595,             0.55179,             0.31552,            0.040872,            0.085196,            0.012844,            0.002245,            0.002245,            0.002245
                 237,            0.027716,            0.045026,           0.0052028,             0.50398,             0.55107,             0.55141,             0.30869,            0.041844,            0.085701,            0.012761,            0.002212,            0.002212,            0.002212
